source_doi,source_title,reading_list,target_doi,target_title
https://doi.org/10.1080/01972243.2011.583819,Critical making: Conceptual and material studies in technology and social life,critical_making,,Mind in Society: The Development of Higher Psychological Processes
https://doi.org/10.1080/01972243.2011.583819,Critical making: Conceptual and material studies in technology and social life,critical_making,https://doi.org/10.1126/science.162.3859.1243,The Tragedy of the Commons
https://doi.org/10.1080/01972243.2011.583819,Critical making: Conceptual and material studies in technology and social life,critical_making,https://doi.org/10.1007/bf01405730,Dilemmas in a general theory of planning
https://doi.org/10.1080/01972243.2011.583819,Critical making: Conceptual and material studies in technology and social life,critical_making,https://doi.org/10.1080/00131728609335764,Experience and Education
https://doi.org/10.1080/01972243.2011.583819,Critical making: Conceptual and material studies in technology and social life,critical_making,https://doi.org/10.1037/11494-000,The origins of intelligence in children.
https://doi.org/10.1080/01972243.2011.583819,Critical making: Conceptual and material studies in technology and social life,critical_making,https://doi.org/10.1177/030631289019003001,"Institutional Ecology, `Translations' and Boundary Objects: Amateurs and Professionals in Berkeley's Museum of Vertebrate Zoology, 1907-39"
https://doi.org/10.1080/01972243.2011.583819,Critical making: Conceptual and material studies in technology and social life,critical_making,https://doi.org/10.1002/9781119084679.ch4,The Death and Life of Great American Cities
https://doi.org/10.1080/01972243.2011.583819,Critical making: Conceptual and material studies in technology and social life,critical_making,,"Mindstorms: Children, Computers, And Powerful Ideas"
https://doi.org/10.1080/01972243.2011.583819,Critical making: Conceptual and material studies in technology and social life,critical_making,https://doi.org/10.2307/2084758,Experience and Education.
https://doi.org/10.1080/01972243.2011.583819,Critical making: Conceptual and material studies in technology and social life,critical_making,https://doi.org/10.7551/mitpress/1881.001.0001,Cognition in the Wild
https://doi.org/10.1080/01972243.2011.583819,Critical making: Conceptual and material studies in technology and social life,critical_making,https://doi.org/10.2307/1395245,"Simians, Cyborgs and Women: The Reinvention of Nature"
https://doi.org/10.1080/01972243.2011.583819,Critical making: Conceptual and material studies in technology and social life,critical_making,,The Embodied Mind: Cognitive Science and Human Experience
https://doi.org/10.1080/01972243.2011.583819,Critical making: Conceptual and material studies in technology and social life,critical_making,,"The Information Age: Economy, Society and Culture"
https://doi.org/10.1080/01972243.2011.583819,Critical making: Conceptual and material studies in technology and social life,critical_making,https://doi.org/10.2307/2804090,The Gift: The Form and Reason for Exchange in Archaic Societies.
https://doi.org/10.1080/01972243.2011.583819,Critical making: Conceptual and material studies in technology and social life,critical_making,,One-Dimensional Man: Studies in the Ideology of Advanced Industrial Society
https://doi.org/10.1080/01972243.2011.583819,Critical making: Conceptual and material studies in technology and social life,critical_making,https://doi.org/10.12987/9780300127232,The Wealth of Networks
https://doi.org/10.1080/01972243.2011.583819,Critical making: Conceptual and material studies in technology and social life,critical_making,https://doi.org/10.2307/2074370,"Shaping Technology, Building Society: Studies in Sociotechnical Change."
https://doi.org/10.1080/01972243.2011.583819,Critical making: Conceptual and material studies in technology and social life,critical_making,https://doi.org/10.4135/9781446280447,Globalization: Social Theory and Global Culture
https://doi.org/10.1080/01972243.2011.583819,Critical making: Conceptual and material studies in technology and social life,critical_making,https://doi.org/10.5860/choice.37-0887,Epistemic cultures: how the sciences make knowledge
https://doi.org/10.1080/01972243.2011.583819,Critical making: Conceptual and material studies in technology and social life,critical_making,,Where the Action Is: The Foundations of Embodied Interaction
https://doi.org/10.1080/01972243.2011.583819,Critical making: Conceptual and material studies in technology and social life,critical_making,,"Rise of the Network Society: The Information Age: Economy, Society and Culture"
https://doi.org/10.1080/01972243.2011.583819,Critical making: Conceptual and material studies in technology and social life,critical_making,https://doi.org/10.2307/2076625,"Aramis, or, The Love of Technology."
https://doi.org/10.1080/01972243.2011.583819,Critical making: Conceptual and material studies in technology and social life,critical_making,https://doi.org/10.2307/1423801,Science of Education and the Psychology of the Child
https://doi.org/10.1080/01972243.2011.583819,Critical making: Conceptual and material studies in technology and social life,critical_making,,Action in Perception
https://doi.org/10.1080/01972243.2011.583819,Critical making: Conceptual and material studies in technology and social life,critical_making,,The Technological Society
https://doi.org/10.1080/01972243.2011.583819,Critical making: Conceptual and material studies in technology and social life,critical_making,https://doi.org/10.2307/794509,The Death and Life of Great American Cities
https://doi.org/10.1080/01972243.2011.583819,Critical making: Conceptual and material studies in technology and social life,critical_making,https://doi.org/10.2307/2076334,"Simians, Cyborgs, and Women: The Reinvention of Nature."
https://doi.org/10.1080/01972243.2011.583819,Critical making: Conceptual and material studies in technology and social life,critical_making,https://doi.org/10.2307/3101837,The Technological Society
https://doi.org/10.1080/01972243.2011.583819,Critical making: Conceptual and material studies in technology and social life,critical_making,https://doi.org/10.7551/mitpress/7221.001.0001,Where the Action Is
https://doi.org/10.1080/01972243.2011.583819,Critical making: Conceptual and material studies in technology and social life,critical_making,https://doi.org/10.2307/2655574,Communities in Cyberspace
https://doi.org/10.1080/01972243.2011.583819,Critical making: Conceptual and material studies in technology and social life,critical_making,https://doi.org/10.30935/cedtech/6177,"The Rise of the Network Society - The Information Age: Economy, Society, and Culture"
https://doi.org/10.1080/01972243.2011.583819,Critical making: Conceptual and material studies in technology and social life,critical_making,https://doi.org/10.2307/1422869,The Embodied Mind: Cognitive Science and Human Experience
https://doi.org/10.1080/01972243.2011.583819,Critical making: Conceptual and material studies in technology and social life,critical_making,https://doi.org/10.2307/20455766,The Wealth of Networks: How Social Production Transforms Markets and Freedom
https://doi.org/10.1080/01972243.2011.583819,Critical making: Conceptual and material studies in technology and social life,critical_making,https://doi.org/10.1515/9789048514502-009,9. A Cautious Prometheus? A Few Steps Toward a Philosophy of Design with Special Attention to Peter Sloterdijk
https://doi.org/10.1080/01972243.2011.583819,Critical making: Conceptual and material studies in technology and social life,critical_making,https://doi.org/10.1111/(issn)1467-9620,Teachers College Record
https://doi.org/10.1080/01972243.2011.583819,Critical making: Conceptual and material studies in technology and social life,critical_making,https://doi.org/10.1002/9781118660584.ese1088,Harvard Educational Review
https://doi.org/10.1080/01972243.2011.583819,Critical making: Conceptual and material studies in technology and social life,critical_making,https://doi.org/10.1017/9789048514502.009,A Cautious Prometheus? A Few Steps Toward a Philosophy of Design with Special Attention to Peter Sloterdijk
https://doi.org/10.1080/00497878.2019.1593842,Build it better: Tinkering in feminist maker pedagogy,critical_making,https://doi.org/10.2307/3178066,Situated Knowledges: The Science Question in Feminism and the Privilege of Partial Perspective
https://doi.org/10.1080/00497878.2019.1593842,Build it better: Tinkering in feminist maker pedagogy,critical_making,https://doi.org/10.2307/1395245,"Simians, Cyborgs and Women: The Reinvention of Nature"
https://doi.org/10.1080/00497878.2019.1593842,Build it better: Tinkering in feminist maker pedagogy,critical_making,https://doi.org/10.5860/choice.47-6141,Cruising utopia: the then and there of queer futurity
https://doi.org/10.1080/00497878.2019.1593842,Build it better: Tinkering in feminist maker pedagogy,critical_making,https://doi.org/10.1016/0277-5395(87)90077-x,The science question in feminism
https://doi.org/10.1080/00497878.2019.1593842,Build it better: Tinkering in feminist maker pedagogy,critical_making,https://doi.org/10.5860/choice.34-0267,"Citizen science: a study of people, expertise and sustainable development"
https://doi.org/10.1080/00497878.2019.1593842,Build it better: Tinkering in feminist maker pedagogy,critical_making,https://doi.org/10.2307/3341932,Metamorphoses: Towards a Materialist Theory of Becoming
https://doi.org/10.1080/00497878.2019.1593842,Build it better: Tinkering in feminist maker pedagogy,critical_making,https://doi.org/10.2307/1358191,The Subversive Stitch: Embroidery and the Making of the Feminine
https://doi.org/10.1080/00497878.2019.1593842,Build it better: Tinkering in feminist maker pedagogy,critical_making,https://doi.org/10.1086/494648,Epistemological Pluralism: Styles and Voices within the Computer Culture
https://doi.org/10.1080/00497878.2019.1593842,Build it better: Tinkering in feminist maker pedagogy,critical_making,https://doi.org/10.1080/01972243.2011.583819,Critical Making: Conceptual and Material Studies in Technology and Social Life
https://doi.org/10.1080/00497878.2019.1593842,Build it better: Tinkering in feminist maker pedagogy,critical_making,https://doi.org/10.20913/brm-2-4-2,Notes from Underground: Zines and the Politics of Alternative Culture
https://doi.org/10.1080/00497878.2019.1593842,Build it better: Tinkering in feminist maker pedagogy,critical_making,,Artificial Knowing: Gender and the Thinking Machine
https://doi.org/10.1080/00497878.2019.1593842,Build it better: Tinkering in feminist maker pedagogy,critical_making,https://doi.org/10.1111/j.1527-2001.1987.tb01341.x,Can There Be A Feminist Science?
https://doi.org/10.1080/00497878.2019.1593842,Build it better: Tinkering in feminist maker pedagogy,critical_making,https://doi.org/10.1007/bf01064506,"Gender, politics, and the theoretical virtues"
https://doi.org/10.1080/00497878.2019.1593842,Build it better: Tinkering in feminist maker pedagogy,critical_making,,Gendered Cyborg: Reader
https://doi.org/10.1080/00497878.2019.1593842,Build it better: Tinkering in feminist maker pedagogy,critical_making,https://doi.org/10.5860/choice.33-3438,"Teaching the majority: breaking the gender barrier in science, mathematics, and engineering"
https://doi.org/10.1080/00497878.2019.1593842,Build it better: Tinkering in feminist maker pedagogy,critical_making,https://doi.org/10.5325/utopianstudies.22.2.0233,Fabricating Activism:
https://doi.org/10.1080/00497878.2019.1593842,Build it better: Tinkering in feminist maker pedagogy,critical_making,https://doi.org/10.1080/01972243.2014.875783,Institutions for Civic Technoscience: How Critical Making is Transforming Environmental Research
https://doi.org/10.1080/00497878.2019.1593842,Build it better: Tinkering in feminist maker pedagogy,critical_making,,"Handmade Nation: The Rise of DIY, Art, Craft, and Design"
https://doi.org/10.1080/00497878.2019.1593842,Build it better: Tinkering in feminist maker pedagogy,critical_making,,Hackerspaces: Making the Maker Movement
https://doi.org/10.1080/00497878.2019.1593842,Build it better: Tinkering in feminist maker pedagogy,critical_making,https://doi.org/10.28968/cftt.v3i1.28784,Introduction:Feminism’s Sciences
https://doi.org/10.1080/00497878.2019.1593842,Build it better: Tinkering in feminist maker pedagogy,critical_making,https://doi.org/10.2307/2072336,"Pleasure, Power and Technology: Some Tales of Gender, Engineering, and the Cooperative Workplace."
https://doi.org/10.1080/00497878.2019.1593842,Build it better: Tinkering in feminist maker pedagogy,critical_making,https://doi.org/10.1177/1359183507074559,Stitch'nBitch
https://doi.org/10.1080/00497878.2019.1593842,Build it better: Tinkering in feminist maker pedagogy,critical_making,https://doi.org/10.5860/choice.39-1527,"Women, science, and technology: a reader in feminist science studies"
https://doi.org/10.1080/00497878.2019.1593842,Build it better: Tinkering in feminist maker pedagogy,critical_making,,Meeting the Challenge : Innovative Feminist Pedagogies in Action
https://doi.org/10.1080/00497878.2019.1593842,Build it better: Tinkering in feminist maker pedagogy,critical_making,https://doi.org/10.2752/175470813x13638640370733,Quiet Activism and the New Amateur
https://doi.org/10.1080/00497878.2019.1593842,Build it better: Tinkering in feminist maker pedagogy,critical_making,https://doi.org/10.1021/ed048p284,The Journal of College Science Teaching
https://doi.org/10.1080/00497878.2019.1593842,Build it better: Tinkering in feminist maker pedagogy,critical_making,https://doi.org/10.1215/9780822388128,Meeting the Universe Halfway
https://doi.org/10.1080/00497878.2019.1593842,Build it better: Tinkering in feminist maker pedagogy,critical_making,https://doi.org/10.4135/9781483384740,Handbook of Feminist Research: Theory and Praxis
https://doi.org/10.1080/00497878.2019.1593842,Build it better: Tinkering in feminist maker pedagogy,critical_making,https://doi.org/10.5406/illinois/9780252038655.001.0001,Ghost Stories for Darwin
https://doi.org/10.1080/00497878.2019.1593842,Build it better: Tinkering in feminist maker pedagogy,critical_making,https://doi.org/10.7551/mitpress/9780262525374.003.0011,Rethinking Repair
https://doi.org/10.1080/00497878.2019.1593842,Build it better: Tinkering in feminist maker pedagogy,critical_making,https://doi.org/10.1093/oso/9780195063417.001.0001,When Old Technologies Were New
https://doi.org/10.1080/00497878.2019.1593842,Build it better: Tinkering in feminist maker pedagogy,critical_making,https://doi.org/10.7551/mitpress/9568.001.0001,DIY Citizenship
https://doi.org/10.1080/00497878.2019.1593842,Build it better: Tinkering in feminist maker pedagogy,critical_making,https://doi.org/10.7551/mitpress/9568.003.0007,Radical Inclusion? Locating Accountability in Technical DIY
https://doi.org/10.1080/00497878.2019.1593842,Build it better: Tinkering in feminist maker pedagogy,critical_making,https://doi.org/10.3138/cras.40.2.259,“Join the Knitting Revolution”: Third-Wave Feminist Magazines and the Politics of Domesticity
https://doi.org/10.1080/00497878.2019.1593842,Build it better: Tinkering in feminist maker pedagogy,critical_making,https://doi.org/10.7551/mitpress/9568.003.0021,Textual Doppelgangers: Critical Issues in the Study of Technology
https://doi.org/10.1080/00497878.2019.1593842,Build it better: Tinkering in feminist maker pedagogy,critical_making,https://doi.org/10.1525/9780520919495,Spinning Fantasies
https://doi.org/10.1080/00497878.2019.1593842,Build it better: Tinkering in feminist maker pedagogy,critical_making,https://doi.org/10.7551/mitpress/9568.003.0009,"Developing Communities of Resistance? Maker Pedagogies, Do-It-Yourself Feminism, and DIY Citizenship"
https://doi.org/10.1080/00497878.2019.1593842,Build it better: Tinkering in feminist maker pedagogy,critical_making,https://doi.org/10.7551/mitpress/9568.003.0016,"Transparency Reconsidered: Creative, Critical, and Connected Making with E-textiles"
https://doi.org/10.1080/00497878.2019.1593842,Build it better: Tinkering in feminist maker pedagogy,critical_making,https://doi.org/10.5860/choice.193955,Knowing new biotechnologies: social aspects of technological convergence
https://doi.org/10.1080/00497878.2019.1593842,Build it better: Tinkering in feminist maker pedagogy,critical_making,https://doi.org/10.7551/mitpress/9568.003.0004,Maktivism: Authentic Making for Technology in the Service of Humanity
https://doi.org/10.1080/00497878.2019.1593842,Build it better: Tinkering in feminist maker pedagogy,critical_making,https://doi.org/10.7560/777149-005,Chapter One . Spinning and Weaving as Female Gender Identity in Post- Classic Mexico
https://doi.org/10.1080/00497878.2019.1593842,Build it better: Tinkering in feminist maker pedagogy,critical_making,https://doi.org/10.28968/cftt.v3i1.28793,"How do Black Lives Matter in Teaching, Lab Practices, and Research?"
https://doi.org/10.1080/00497878.2019.1593842,Build it better: Tinkering in feminist maker pedagogy,critical_making,https://doi.org/10.4324/9780203823248,Meeting the Challenge
https://doi.org/10.1080/00497878.2019.1593842,Build it better: Tinkering in feminist maker pedagogy,critical_making,https://doi.org/10.7551/mitpress/9568.003.0017,Woven Futures: Inscribed Material Ecologies of Critical Making
https://doi.org/10.1016/j.compcom.2019.05.002,"Re-making the makerspace: Body, power, and identity in critical making practices",critical_making,https://doi.org/10.21832/9781800418868-012,8 Decolonizing Methodologies: Research and Indigenous Peoples
https://doi.org/10.1016/j.compcom.2019.05.002,"Re-making the makerspace: Body, power, and identity in critical making practices",critical_making,,Situated Knowledges: The Science Question in Feminism and the Privilege of Partial Perspective
https://doi.org/10.1016/j.compcom.2019.05.002,"Re-making the makerspace: Body, power, and identity in critical making practices",critical_making,https://doi.org/10.1086/345321,Posthumanist Performativity: Toward an Understanding of How Matter Comes to Matter
https://doi.org/10.1016/j.compcom.2019.05.002,"Re-making the makerspace: Body, power, and identity in critical making practices",critical_making,https://doi.org/10.1515/bmte.1981.26.4.66,Research Is Ceremony: Indigenous Research Methods
https://doi.org/10.1016/j.compcom.2019.05.002,"Re-making the makerspace: Body, power, and identity in critical making practices",critical_making,https://doi.org/10.1515/9780822391623,Vibrant Matter: A Political Ecology of Things
https://doi.org/10.1016/j.compcom.2019.05.002,"Re-making the makerspace: Body, power, and identity in critical making practices",critical_making,https://doi.org/10.4324/9780203970034,Multimodality: A Social Semiotic Approach to Contemporary Communication
https://doi.org/10.1016/j.compcom.2019.05.002,"Re-making the makerspace: Body, power, and identity in critical making practices",critical_making,https://doi.org/10.4324/9780203439913,The Open Society and Its Enemies
https://doi.org/10.1016/j.compcom.2019.05.002,"Re-making the makerspace: Body, power, and identity in critical making practices",critical_making,https://doi.org/10.4324/9780203979402-6,A pedagogy of Multiliteracies Designing Social Futures
https://doi.org/10.1016/j.compcom.2019.05.002,"Re-making the makerspace: Body, power, and identity in critical making practices",critical_making,https://doi.org/10.5860/choice.43-4983,Institutional ethnography: a sociology for people
https://doi.org/10.1016/j.compcom.2019.05.002,"Re-making the makerspace: Body, power, and identity in critical making practices",critical_making,https://doi.org/10.1111/johs.12124,An Indigenous Feminist's Take On The Ontological Turn: ‘Ontology’ Is Just Another Word For Colonialism
https://doi.org/10.1016/j.compcom.2019.05.002,"Re-making the makerspace: Body, power, and identity in critical making practices",critical_making,https://doi.org/10.1177/109019819402100204,Empowerment through Photo Novella: Portraits of Participation
https://doi.org/10.1016/j.compcom.2019.05.002,"Re-making the makerspace: Body, power, and identity in critical making practices",critical_making,https://doi.org/10.1515/9781400873548,The Mushroom at the End of the World: On the Possibility of Life in Capitalist Ruins
https://doi.org/10.1016/j.compcom.2019.05.002,"Re-making the makerspace: Body, power, and identity in critical making practices",critical_making,https://doi.org/10.5749/9780816685448,Fictions Of Feminist Ethnography
https://doi.org/10.1016/j.compcom.2019.05.002,"Re-making the makerspace: Body, power, and identity in critical making practices",critical_making,https://doi.org/10.2307/3341932,Metamorphoses: Towards a Materialist Theory of Becoming
https://doi.org/10.1016/j.compcom.2019.05.002,"Re-making the makerspace: Body, power, and identity in critical making practices",critical_making,https://doi.org/10.1080/14443050309387838,"Ways of knowing, being and doing: A theoretical framework and methods for indigenous and indigenist re‐search"
https://doi.org/10.1016/j.compcom.2019.05.002,"Re-making the makerspace: Body, power, and identity in critical making practices",critical_making,,"Making: Anthropology, Archaeology, Art and Architecture"
https://doi.org/10.1016/j.compcom.2019.05.002,"Re-making the makerspace: Body, power, and identity in critical making practices",critical_making,https://doi.org/10.1007/s10886-012-0134-6,Mycorrhiza-Induced Resistance and Priming of Plant Defenses
https://doi.org/10.1016/j.compcom.2019.05.002,"Re-making the makerspace: Body, power, and identity in critical making practices",critical_making,,Land as pedagogy: Nishnaabeg intelligence and rebellious transformation
https://doi.org/10.1016/j.compcom.2019.05.002,"Re-making the makerspace: Body, power, and identity in critical making practices",critical_making,https://doi.org/10.2307/1358191,The Subversive Stitch: Embroidery and the Making of the Feminine
https://doi.org/10.1016/j.compcom.2019.05.002,"Re-making the makerspace: Body, power, and identity in critical making practices",critical_making,https://doi.org/10.1080/01972243.2011.583819,Critical Making: Conceptual and Material Studies in Technology and Social Life
https://doi.org/10.1016/j.compcom.2019.05.002,"Re-making the makerspace: Body, power, and identity in critical making practices",critical_making,https://doi.org/10.5860/choice.34-1255,"Gendered fields: rural women, agriculture, and environment"
https://doi.org/10.1016/j.compcom.2019.05.002,"Re-making the makerspace: Body, power, and identity in critical making practices",critical_making,https://doi.org/10.2307/4140651,Made Not Only in Words: Composition in a New Key
https://doi.org/10.1016/j.compcom.2019.05.002,"Re-making the makerspace: Body, power, and identity in critical making practices",critical_making,https://doi.org/10.48416/ijsaf.v15i1.424,Women and Food Chains: The Gendered Politics of Food
https://doi.org/10.1016/j.compcom.2019.05.002,"Re-making the makerspace: Body, power, and identity in critical making practices",critical_making,https://doi.org/10.1353/ail.2008.0005,Wampum as Hypertext: An American Indian Intellectual Tradition of Multimedia Theory and Practice
https://doi.org/10.1016/j.compcom.2019.05.002,"Re-making the makerspace: Body, power, and identity in critical making practices",critical_making,https://doi.org/10.2307/2393566,"Organizational, Institutional, and Societal Evolution: Medieval Craft Guilds and the Genesis of Formal Organizations"
https://doi.org/10.1016/j.compcom.2019.05.002,"Re-making the makerspace: Body, power, and identity in critical making practices",critical_making,https://doi.org/10.2307/3178066,Situated Knowledges: The Science Question in Feminism and the Privilege of Partial Perspective
https://doi.org/10.1016/j.compcom.2019.05.002,"Re-making the makerspace: Body, power, and identity in critical making practices",critical_making,https://doi.org/10.2307/2529486,Exploratory Data Analysis
https://doi.org/10.1016/j.compcom.2019.05.002,"Re-making the makerspace: Body, power, and identity in critical making practices",critical_making,https://doi.org/10.1080/0966369x.2017.1336302,Staying with the trouble: making kin in the Chthulucene
https://doi.org/10.1016/j.compcom.2019.05.002,"Re-making the makerspace: Body, power, and identity in critical making practices",critical_making,https://doi.org/10.1016/j.pragma.2011.06.013,Multimodality: A Social Semiotic Approach to Contemporary Communication
https://doi.org/10.1016/j.compcom.2019.05.002,"Re-making the makerspace: Body, power, and identity in critical making practices",critical_making,https://doi.org/10.1515/9780822373780,Staying with the Trouble: Making Kin in the Chthulucene
https://doi.org/10.1016/j.compcom.2019.05.002,"Re-making the makerspace: Body, power, and identity in critical making practices",critical_making,https://doi.org/10.17763/0017-8055.86.2.206,Making Through the Lens of Culture and Power: Toward Transformative Visions for Educational Equity
https://doi.org/10.1016/j.compcom.2019.05.002,"Re-making the makerspace: Body, power, and identity in critical making practices",critical_making,https://doi.org/10.5860/choice.49-4274,Digital griots: African American rhetoric in a multimedia age
https://doi.org/10.1016/j.compcom.2019.05.002,"Re-making the makerspace: Body, power, and identity in critical making practices",critical_making,https://doi.org/10.1007/s10460-018-9883-3,"Racial, ethnic and gender inequities in farmland ownership and farming in the U.S."
https://doi.org/10.1016/j.compcom.2019.05.002,"Re-making the makerspace: Body, power, and identity in critical making practices",critical_making,https://doi.org/10.58680/ccc20044045,Made Not Only in Words: Composition in a New Key
https://doi.org/10.1016/j.compcom.2019.05.002,"Re-making the makerspace: Body, power, and identity in critical making practices",critical_making,,DIY Citizenship: Critical Making and Social Media
https://doi.org/10.1016/j.compcom.2019.05.002,"Re-making the makerspace: Body, power, and identity in critical making practices",critical_making,https://doi.org/10.5860/choice.195959,"Survivance, sovereignty, and story: teaching American Indian rhetorics"
https://doi.org/10.1016/j.compcom.2019.05.002,"Re-making the makerspace: Body, power, and identity in critical making practices",critical_making,,"Composing(media) = composing(embodiment) : bodies, technologies, writing, the teaching of writing"
https://doi.org/10.1016/j.compcom.2019.05.002,"Re-making the makerspace: Body, power, and identity in critical making practices",critical_making,https://doi.org/10.2307/j.ctt4cgnxt,Composing Media Composing Embodiment
https://doi.org/10.1016/j.compcom.2019.05.002,"Re-making the makerspace: Body, power, and identity in critical making practices",critical_making,https://doi.org/10.1177/1461444815621893b,Rhetoric and the digital humanities
https://doi.org/10.1016/j.compcom.2019.05.002,"Re-making the makerspace: Body, power, and identity in critical making practices",critical_making,https://doi.org/10.1080/10572252.2018.1518950,The Rhetorical Work of YouTube’s Beauty Community: Relationship- and Identity-Building in User-Created Procedural Discourse
https://doi.org/10.1016/j.compcom.2019.05.002,"Re-making the makerspace: Body, power, and identity in critical making practices",critical_making,https://doi.org/10.1590/1806-9584.2017v25n2p909,Feminismos transcorpóreos e o espaço ético da natureza
https://doi.org/10.1016/j.compcom.2019.05.002,"Re-making the makerspace: Body, power, and identity in critical making practices",critical_making,https://doi.org/10.22004/ag.econ.289693,Who Owns the Land? Agricultural Land Ownership by Race/Ethnicity
https://doi.org/10.1016/j.compcom.2019.05.002,"Re-making the makerspace: Body, power, and identity in critical making practices",critical_making,https://doi.org/10.1145/3282665.3282667,Participatory video methods in UX
https://doi.org/10.1016/j.compcom.2019.05.002,"Re-making the makerspace: Body, power, and identity in critical making practices",critical_making,https://doi.org/10.1177/1464700112442649,"Touching, unbelonging, and the absence of affect"
https://doi.org/10.1016/j.compcom.2019.05.002,"Re-making the makerspace: Body, power, and identity in critical making practices",critical_making,,"Animal writes : historiography, disciplinarity, and the animal trace"
https://doi.org/10.1016/j.compcom.2019.05.002,"Re-making the makerspace: Body, power, and identity in critical making practices",critical_making,,"Rhetoric in Tooth and Claw: Animals, Language, Sensation"
https://doi.org/10.1016/j.compcom.2019.05.002,"Re-making the makerspace: Body, power, and identity in critical making practices",critical_making,https://doi.org/10.7330/9780874219968.c003,Decolonial Skillshares: Indigenous Rhetorics as Radical Practice
https://doi.org/10.1016/j.compcom.2019.05.002,"Re-making the makerspace: Body, power, and identity in critical making practices",critical_making,,Framer Framed: Film Scripts and Interviews
https://doi.org/10.1016/j.compcom.2019.05.002,"Re-making the makerspace: Body, power, and identity in critical making practices",critical_making,https://doi.org/10.58680/ce201526920,“But a quilt is more”: Recontextualizing the Discourse(s) of the Gee’s Bend Quilts
https://doi.org/10.1016/j.compcom.2019.05.002,"Re-making the makerspace: Body, power, and identity in critical making practices",critical_making,https://doi.org/10.3163/1536-5050.103.4.016,Makerspaces: A Practical Guide for Librarians
https://doi.org/10.28968/cftt.v5i1.29607,Crip technoscience manifesto,critical_making,,States of Knowledge: The Co-production of Science and the Social Order
https://doi.org/10.28968/cftt.v5i1.29607,Crip technoscience manifesto,critical_making,https://doi.org/10.5860/choice.44-5344,Crip theory: cultural signs of queerness and disability
https://doi.org/10.28968/cftt.v5i1.29607,Crip technoscience manifesto,critical_making,https://doi.org/10.1038/nm0297-242,"Impure Science: AIDS, Activism, and the Politics of Knowledge"
https://doi.org/10.28968/cftt.v5i1.29607,Crip technoscience manifesto,critical_making,,Modest_Witness@Second_Millenium.FemaleMan_Meets_OncoMouse: Feminism and Technoscience
https://doi.org/10.28968/cftt.v5i1.29607,Crip technoscience manifesto,critical_making,https://doi.org/10.5860/choice.36-0640,Nothing about us without us: disability oppression and empowerment
https://doi.org/10.28968/cftt.v5i1.29607,Crip technoscience manifesto,critical_making,https://doi.org/10.5749/9780816685776,Native American DNA
https://doi.org/10.28968/cftt.v5i1.29607,Crip technoscience manifesto,critical_making,https://doi.org/10.1111/j.1527-2001.2011.01206.x,Misfits: A Feminist Materialist Disability Concept
https://doi.org/10.28968/cftt.v5i1.29607,Crip technoscience manifesto,critical_making,https://doi.org/10.1111/1467-9566.ep11057619,"Impure Science: AIDS, Activism and the Politics of Knowledge."
https://doi.org/10.28968/cftt.v5i1.29607,Crip technoscience manifesto,critical_making,https://doi.org/10.18061/dsq.v26i4.829,Crip Theory: Cultural Signs of Queerness and Disability
https://doi.org/10.28968/cftt.v5i1.29607,Crip technoscience manifesto,critical_making,https://doi.org/10.1007/978-1-349-24269-6_3,Fundamental Principles of Disability
https://doi.org/10.28968/cftt.v5i1.29607,Crip technoscience manifesto,critical_making,https://doi.org/10.1080/09687599.2011.602860,Decolonising disability: thinking and acting globally
https://doi.org/10.28968/cftt.v5i1.29607,Crip technoscience manifesto,critical_making,https://doi.org/10.2979/6841.0,"Feminist, Queer, Crip"
https://doi.org/10.28968/cftt.v5i1.29607,Crip technoscience manifesto,critical_making,https://doi.org/10.1215/10642684-9-1-2-25,QUEERING THE CRIP OR CRIPPING THE QUEER?
https://doi.org/10.28968/cftt.v5i1.29607,Crip technoscience manifesto,critical_making,,The Cancer Journals
https://doi.org/10.28968/cftt.v5i1.29607,Crip technoscience manifesto,critical_making,https://doi.org/10.1080/15017410701345365,Cultural Locations of Disability
https://doi.org/10.28968/cftt.v5i1.29607,Crip technoscience manifesto,critical_making,https://doi.org/10.5860/choice.49-5982,Disability and difference in global contexts: enabling a transformative body politic
https://doi.org/10.28968/cftt.v5i1.29607,Crip technoscience manifesto,critical_making,https://doi.org/10.1176/ps.50.1.124,Nothing About Us Without Us: Disability Oppression and Empowerment
https://doi.org/10.28968/cftt.v5i1.29607,Crip technoscience manifesto,critical_making,https://doi.org/10.1080/13691180600751348,"Disability and the promises of technology: Technology, subjectivity and embodiment within an order of the normal"
https://doi.org/10.28968/cftt.v5i1.29607,Crip technoscience manifesto,critical_making,https://doi.org/10.2307/3089592,The Difference That Disability Makes
https://doi.org/10.28968/cftt.v5i1.29607,Crip technoscience manifesto,critical_making,https://doi.org/10.5860/choice.193794,"The biopolitics of disability: neoliberalism, ablenationalism, and peripheral embodiment"
https://doi.org/10.28968/cftt.v5i1.29607,Crip technoscience manifesto,critical_making,https://doi.org/10.18061/dsq.v33i4.3871,Designing Collective Access: A Feminist Disability Theory of Universal Design
https://doi.org/10.28968/cftt.v5i1.29607,Crip technoscience manifesto,critical_making,https://doi.org/10.7551/mitpress/9780262042499.001.0001,Tactical Biopolitics
https://doi.org/10.28968/cftt.v5i1.29607,Crip technoscience manifesto,critical_making,https://doi.org/10.5860/choice.49-5141,Body and soul: the Black Panther Party and the fight against medical discrimination
https://doi.org/10.28968/cftt.v5i1.29607,Crip technoscience manifesto,critical_making,https://doi.org/10.5860/choice.50-6212,"Seizing the means of reproduction: entanglements of feminism, health, and technoscience"
https://doi.org/10.28968/cftt.v5i1.29607,Crip technoscience manifesto,critical_making,https://doi.org/10.18574/nyu/9780814762431,"Artificial Parts, Practical Lives : Modern Histories of Prosthetics"
https://doi.org/10.28968/cftt.v5i1.29607,Crip technoscience manifesto,critical_making,https://doi.org/10.1080/0966369x.2017.1336302,Staying with the trouble: making kin in the Chthulucene
https://doi.org/10.28968/cftt.v5i1.29607,Crip technoscience manifesto,critical_making,https://doi.org/10.1515/9780822373780,Staying with the Trouble: Making Kin in the Chthulucene
https://doi.org/10.28968/cftt.v5i1.29607,Crip technoscience manifesto,critical_making,https://doi.org/10.1126/science.aaq0524,Volatile chemical products emerging as largest petrochemical source of urban organic emissions
https://doi.org/10.28968/cftt.v5i1.29607,Crip technoscience manifesto,critical_making,https://doi.org/10.1080/0966369x.2018.1449139,"The right to maim: debility, capacity, disability"
https://doi.org/10.28968/cftt.v5i1.29607,Crip technoscience manifesto,critical_making,https://doi.org/10.1080/09687599.2019.1648369,Care work: dreaming disability justice
https://doi.org/10.28968/cftt.v5i1.29607,Crip technoscience manifesto,critical_making,https://doi.org/10.1080/09687599.2017.1372946,Against purity: living ethically in compromised times
https://doi.org/10.28968/cftt.v5i1.29607,Crip technoscience manifesto,critical_making,https://doi.org/10.1093/jdh/epy023,Building Access: Universal Design and the Politics of Disability
https://doi.org/10.28968/cftt.v5i1.29607,Crip technoscience manifesto,critical_making,https://doi.org/10.1080/09589236.2017.1389465,Brilliant Imperfection: Grappling with Cure
https://doi.org/10.28968/cftt.v5i1.29607,Crip technoscience manifesto,critical_making,,The Politics of Disablement: A Sociological Approach
https://doi.org/10.28968/cftt.v5i1.29607,Crip technoscience manifesto,critical_making,https://doi.org/10.1080/09688080.2017.1335999,"Skin, Tooth, and Bone – The Basis of Movement is Our People: A Disability Justice Primer"
https://doi.org/10.28968/cftt.v5i1.29607,Crip technoscience manifesto,critical_making,,Care Work: Dreaming Disability Justice
https://doi.org/10.28968/cftt.v5i1.29607,Crip technoscience manifesto,critical_making,,Against Purity: Living Ethically in Compromised Times
https://doi.org/10.28968/cftt.v5i1.29607,Crip technoscience manifesto,critical_making,https://doi.org/10.1515/9780822372806,Attachments to War: Biomedical Logics and Violence in Twenty-First-Century America
https://doi.org/10.28968/cftt.v5i1.29607,Crip technoscience manifesto,critical_making,,Building Access: Universal Design and the Politics of Disability
https://doi.org/10.28968/cftt.v5i1.29607,Crip technoscience manifesto,critical_making,,DIY Citizenship: Critical Making and Social Media
https://doi.org/10.28968/cftt.v5i1.29607,Crip technoscience manifesto,critical_making,https://doi.org/10.1215/9780822373520,Brilliant Imperfection: Grappling with Cure
https://doi.org/10.28968/cftt.v5i1.29607,Crip technoscience manifesto,critical_making,https://doi.org/10.1353/aq.2018.0031,"Mapping Access: Digital Humanities, Disability Justice, and Sociospatial Practice"
https://doi.org/10.28968/cftt.v5i1.29607,Crip technoscience manifesto,critical_making,https://doi.org/10.1353/phi.2016.0022,"Beyond Accommodation: Disability, Feminist Philosophy, and the Design of Everyday Academic Life"
https://doi.org/10.28968/cftt.v5i1.29607,Crip technoscience manifesto,critical_making,,Making Things and Drawing Boundaries: Experiments in the Digital Humanities
https://doi.org/10.28968/cftt.v5i1.29607,Crip technoscience manifesto,critical_making,https://doi.org/10.1515/9780822373513,"Curative Violence: Rehabilitating Disability, Gender, and Sexuality in Modern Korea"
https://doi.org/10.28968/cftt.v5i1.29607,Crip technoscience manifesto,critical_making,https://doi.org/10.5860/choice.197926,"Restricted access: media, disability, and the politics of participation"
https://doi.org/10.28968/cftt.v5i1.29607,Crip technoscience manifesto,critical_making,,Made to Hear: Cochlear Implants and Raising Deaf Children
https://doi.org/10.28968/cftt.v5i1.29607,Crip technoscience manifesto,critical_making,https://doi.org/10.1093/acprof:oso/9780190262075.001.0001,"Telethons: Spectacle, Disability, and the Business of Charity"
https://doi.org/10.28968/cftt.v5i1.29607,Crip technoscience manifesto,critical_making,https://doi.org/10.1177/0162243918754672,White Space and Dark Matter
https://doi.org/10.28968/cftt.v5i1.29607,Crip technoscience manifesto,critical_making,https://doi.org/10.28968/cftt.v5i1.30435,The Rise and Fall of the Plastic Straw
https://doi.org/10.1177/14687941251390758,Decolonizing methodology: Co-designing research with the voices and footprints of the community,critical_making,https://doi.org/10.1086/231209,Manifesto for a Relational Sociology
https://doi.org/10.1177/14687941251390758,Decolonizing methodology: Co-designing research with the voices and footprints of the community,critical_making,https://doi.org/10.1016/s0378-2166(99)00096-x,Action and embodiment within situated human interaction
https://doi.org/10.1177/14687941251390758,Decolonizing methodology: Co-designing research with the voices and footprints of the community,critical_making,https://doi.org/10.1177/0263276409349275,"Epistemic Disobedience, Independent Thought and Decolonial Freedom"
https://doi.org/10.1177/14687941251390758,Decolonizing methodology: Co-designing research with the voices and footprints of the community,critical_making,https://doi.org/10.1215/9780822371816,Designs for the Pluriverse
https://doi.org/10.1177/14687941251390758,Decolonizing methodology: Co-designing research with the voices and footprints of the community,critical_making,https://doi.org/10.1515/9781400845064,Local Histories/Global Designs
https://doi.org/10.1177/14687941251390758,Decolonizing methodology: Co-designing research with the voices and footprints of the community,critical_making,https://doi.org/10.17763/haer.68.4.5wv1034973g22q48,Using a Chicana Feminist Epistemology in Educational Research
https://doi.org/10.1177/14687941251390758,Decolonizing methodology: Co-designing research with the voices and footprints of the community,critical_making,https://doi.org/10.59962/9780774855440,Indigenous Storywork
https://doi.org/10.1177/14687941251390758,Decolonizing methodology: Co-designing research with the voices and footprints of the community,critical_making,https://doi.org/10.1080/09502380601162498,INTRODUCTION
https://doi.org/10.1177/14687941251390758,Decolonizing methodology: Co-designing research with the voices and footprints of the community,critical_making,https://doi.org/10.1016/j.pragma.2012.09.003,"The co-operative, transformative organization of human action and knowledge"
https://doi.org/10.1177/14687941251390758,Decolonizing methodology: Co-designing research with the voices and footprints of the community,critical_making,https://doi.org/10.1002/sce.20392,Cultural processes in science education: Supporting the navigation of multiple epistemologies
https://doi.org/10.1177/14687941251390758,Decolonizing methodology: Co-designing research with the voices and footprints of the community,critical_making,https://doi.org/10.1080/07370008.2016.1181879,Participatory Design Research and Educational Justice: Studying Learning and Relations Within Social Change Making
https://doi.org/10.1177/14687941251390758,Decolonizing methodology: Co-designing research with the voices and footprints of the community,critical_making,https://doi.org/10.22380/2539472x.1244,¿Puede hablar el subalterno?
https://doi.org/10.1177/14687941251390758,Decolonizing methodology: Co-designing research with the voices and footprints of the community,critical_making,https://doi.org/10.7551/mitpress/9755.001.0001,Who's Asking?
https://doi.org/10.1177/14687941251390758,Decolonizing methodology: Co-designing research with the voices and footprints of the community,critical_making,https://doi.org/10.1080/10749039.2015.1087572,Community-Based Design Research: Learning Across Generations and Strategic Transformations of Institutional Relations Toward Axiological Innovations
https://doi.org/10.1177/14687941251390758,Decolonizing methodology: Co-designing research with the voices and footprints of the community,critical_making,https://doi.org/10.1080/07370008.2016.1169817,Rethinking Race and Power in Design-Based Research: Reflections from the Field
https://doi.org/10.1177/14687941251390758,Decolonizing methodology: Co-designing research with the voices and footprints of the community,critical_making,https://doi.org/10.17763/haer.82.3.q8117w861241871j,Designing Indigenous Language Revitalization
https://doi.org/10.1177/14687941251390758,Decolonizing methodology: Co-designing research with the voices and footprints of the community,critical_making,https://doi.org/10.1080/07370008.2018.1429443,"“Look It, This is how You Know:” Family Forest Walks as a Context for Knowledge-Building About the Natural World"
https://doi.org/10.1177/14687941251390758,Decolonizing methodology: Co-designing research with the voices and footprints of the community,critical_making,https://doi.org/10.3102/0002831216671210,Toward Projects in Humanization
https://doi.org/10.1177/14687941251390758,Decolonizing methodology: Co-designing research with the voices and footprints of the community,critical_making,https://doi.org/10.7551/mitpress/11375.001.0001,Living Literacies
https://doi.org/10.1177/14687941251390758,Decolonizing methodology: Co-designing research with the voices and footprints of the community,critical_making,https://doi.org/10.5250/quiparle.18.2.29,The Notion of “Rights” And the Paradoxes of Postcolonial Modernity
https://doi.org/10.1177/14687941251390758,Decolonizing methodology: Co-designing research with the voices and footprints of the community,critical_making,https://doi.org/10.1007/978-1-4419-5716-0_28,Innovations in Culturally Based Science Education Through Partnerships and Community
https://doi.org/10.1177/14687941251390758,Decolonizing methodology: Co-designing research with the voices and footprints of the community,critical_making,https://doi.org/10.1002/ajcp.12501,"Participatory Research Approaches with Youth: Ethics, Engagement, and Meaningful Action"
https://doi.org/10.1177/14687941251390758,Decolonizing methodology: Co-designing research with the voices and footprints of the community,critical_making,https://doi.org/10.1177/0042085916652179,“Darles el lugar”: A Place for Nondominant Family Knowing in Educational Equity
https://doi.org/10.1177/14687941251390758,Decolonizing methodology: Co-designing research with the voices and footprints of the community,critical_making,https://doi.org/10.1080/01596300903237198,Building bridges across knowledge systems: Ubuntu and participative research paradigms in Bantu communities
https://doi.org/10.1177/14687941251390758,Decolonizing methodology: Co-designing research with the voices and footprints of the community,critical_making,https://doi.org/10.1007/s11159-018-9759-1,Educate to perpetuate: Land-based pedagogies and community resurgence
https://doi.org/10.1177/14687941251390758,Decolonizing methodology: Co-designing research with the voices and footprints of the community,critical_making,https://doi.org/10.1080/15710882.2024.2329559,Collaborative critical making in higher education: a case study of a community-centred storytelling effort to transform harmful narratives of gun violence in Boston
https://doi.org/10.1177/14687941251390758,Decolonizing methodology: Co-designing research with the voices and footprints of the community,critical_making,https://doi.org/10.17227/rce.num92-17131,Exploring One Colombian Adolescent’s Diverse Literacies in his Rural Community
https://doi.org/10.1177/14687941251390758,Decolonizing methodology: Co-designing research with the voices and footprints of the community,critical_making,https://doi.org/10.22318/icls2023.875205,Teachers as Co-Designers: Forming Equitable Participation through the Lens of Relational Trust
https://doi.org/10.1177/14767503251403419,(En)tangled ethics and relational mobilities: Reflections on decolonial feminist digital participatory action research,critical_making,https://doi.org/10.1111/j.1527-2001.2010.01137.x,Toward a Decolonial Feminism
https://doi.org/10.1177/14767503251403419,(En)tangled ethics and relational mobilities: Reflections on decolonial feminist digital participatory action research,critical_making,https://doi.org/10.4324/9781315423012,Participatory Visual and Digital Methods
https://doi.org/10.1177/14767503251403419,(En)tangled ethics and relational mobilities: Reflections on decolonial feminist digital participatory action research,critical_making,https://doi.org/10.5406/illinois/9780252038792.001.0001,Muddying the Waters
https://doi.org/10.1177/14767503251403419,(En)tangled ethics and relational mobilities: Reflections on decolonial feminist digital participatory action research,critical_making,https://doi.org/10.1093/oso/9780197512456.001.0001,Participatory Action Research
https://doi.org/10.1177/14767503251403419,(En)tangled ethics and relational mobilities: Reflections on decolonial feminist digital participatory action research,critical_making,https://doi.org/10.1057/s41305-017-0043-1,"Feminist Data Studies: Using Digital Methods for Ethical, Reflexive and Situated Socio-Cultural Research"
https://doi.org/10.1177/14767503251403419,(En)tangled ethics and relational mobilities: Reflections on decolonial feminist digital participatory action research,critical_making,https://doi.org/10.1080/13645579.2017.1364065,Ethical ‘mess’ in co-produced research: reflections from a U.K.-based case study
https://doi.org/10.1177/14767503251403419,(En)tangled ethics and relational mobilities: Reflections on decolonial feminist digital participatory action research,critical_making,https://doi.org/10.1177/16094069211013646,"Moving images, Moving Methods: Advancing Documentary Film for Qualitative Research"
https://doi.org/10.1177/14767503251403419,(En)tangled ethics and relational mobilities: Reflections on decolonial feminist digital participatory action research,critical_making,https://doi.org/10.1080/17450101.2023.2200148,Mobility data justice
https://doi.org/10.1177/14767503251403419,(En)tangled ethics and relational mobilities: Reflections on decolonial feminist digital participatory action research,critical_making,https://doi.org/10.4135/9781848607934.n12,Continuing the Journey: Articulating Dimensions of Feminist Participatory Action Research (FPAR)
https://doi.org/10.1177/14767503251403419,(En)tangled ethics and relational mobilities: Reflections on decolonial feminist digital participatory action research,critical_making,https://doi.org/10.1559/15230406394175,Integrating Sketch Maps with GIS to Explore Fear of Crime in the Urban Environment: A Review of the Past and Prospects for the Future
https://doi.org/10.1177/14767503251403419,(En)tangled ethics and relational mobilities: Reflections on decolonial feminist digital participatory action research,critical_making,https://doi.org/10.7577/rerm.357,In the Midst of Participatory Action Research Practices: Moving towards Decolonizing and Decolonial Praxis
https://doi.org/10.1177/14767503251403419,(En)tangled ethics and relational mobilities: Reflections on decolonial feminist digital participatory action research,critical_making,https://doi.org/10.1080/23802014.2017.1335174,Image-ining resistance: using participatory action research and visual methods in sport for development and peace
https://doi.org/10.1177/14767503251403419,(En)tangled ethics and relational mobilities: Reflections on decolonial feminist digital participatory action research,critical_making,https://doi.org/10.1080/2159676x.2020.1854836,"Contemporary digital qualitative research in sport, exercise and health: introduction"
https://doi.org/10.1177/14767503251403419,(En)tangled ethics and relational mobilities: Reflections on decolonial feminist digital participatory action research,critical_making,https://doi.org/10.3390/su11164485,"“We Are Prisoners in Our Own Homes”: Connecting the Environment, Gender-Based Violence and Sexual and Reproductive Health Rights to Sport for Development and Peace in Nicaragua"
https://doi.org/10.1177/14767503251403419,(En)tangled ethics and relational mobilities: Reflections on decolonial feminist digital participatory action research,critical_making,https://doi.org/10.1007/s10109-022-00386-6,Paper2GIS: improving accessibility without limiting analytical potential in Participatory Mapping
https://doi.org/10.1177/14767503251403419,(En)tangled ethics and relational mobilities: Reflections on decolonial feminist digital participatory action research,critical_making,https://doi.org/10.1080/2159676x.2023.2243955,Co-creating knowledge on bicycling: a decolonial feminist participatory action research approach to arts-based methods
https://doi.org/10.1177/14767503251403419,(En)tangled ethics and relational mobilities: Reflections on decolonial feminist digital participatory action research,critical_making,https://doi.org/10.1177/13548565211045536,“It ain’t a compliment”: Feminist data visualisation and digital street harassment advocacy
https://doi.org/10.1177/14767503251403419,(En)tangled ethics and relational mobilities: Reflections on decolonial feminist digital participatory action research,critical_making,https://doi.org/10.1080/01436597.2021.2020634,"‘Bicycles are really important for women!’ Exploring bicycles, gender and development in Nicaragua and Uganda"
https://doi.org/10.1177/14767503251403419,(En)tangled ethics and relational mobilities: Reflections on decolonial feminist digital participatory action research,critical_making,https://doi.org/10.1080/02614367.2025.2528758,“The climate crisis is violence:” sexual and gender-based violence and bicycles for mobility justice and development in Nicaragua <sup>1</sup>
https://doi.org/10.1177/14767503251403419,(En)tangled ethics and relational mobilities: Reflections on decolonial feminist digital participatory action research,critical_making,https://doi.org/10.1177/1476750318763041,From doing to writing action research: A plea to ARJ authors
https://doi.org/10.1177/14767503251403419,(En)tangled ethics and relational mobilities: Reflections on decolonial feminist digital participatory action research,critical_making,https://doi.org/10.1177/01417789211015334,The Radical Limits of Decolonising Feminism
https://doi.org/10.1177/14767503251403419,(En)tangled ethics and relational mobilities: Reflections on decolonial feminist digital participatory action research,critical_making,https://doi.org/10.1177/1464700121994073,The messy work of decolonial praxis: insights from a creative collaboration among queer African youth
https://doi.org/10.1177/14767503251403419,(En)tangled ethics and relational mobilities: Reflections on decolonial feminist digital participatory action research,critical_making,https://doi.org/10.1080/0966369x.2024.2307583,Exploring the use of geographic methods to understand sexual- and gender-based violence: a scoping review
https://doi.org/10.1177/14767503251403419,(En)tangled ethics and relational mobilities: Reflections on decolonial feminist digital participatory action research,critical_making,https://doi.org/10.1177/13678779231224800,Decolonizing bodies and the ethics of care: On the significance of embodied vulnerability as the future of cultural studies
https://doi.org/10.1177/14767503251403419,(En)tangled ethics and relational mobilities: Reflections on decolonial feminist digital participatory action research,critical_making,https://doi.org/10.3366/soma.2021.0354,Cycling in the Flattened City: Urban Assemblages and Digital Visual Research
https://doi.org/10.1145/3592367.3592369,Decolonizing community-engaged research: Designing CER with cultural humility as a foundational value,critical_making,https://doi.org/10.21832/9781800418868-012,8 Decolonizing Methodologies: Research and Indigenous Peoples
https://doi.org/10.1145/3592367.3592369,Decolonizing community-engaged research: Designing CER with cultural humility as a foundational value,critical_making,https://doi.org/10.1353/hpu.2010.0233,Cultural Humility Versus Cultural Competence: A Critical Distinction in Defining Physician Training Outcomes in Multicultural Education
https://doi.org/10.1145/3592367.3592369,Decolonizing community-engaged research: Designing CER with cultural humility as a foundational value,critical_making,https://doi.org/10.1080/01419870.2013.800575,Decolonizing Methodologies: Research and Indigenous Peoples
https://doi.org/10.1145/3592367.3592369,Decolonizing community-engaged research: Designing CER with cultural humility as a foundational value,critical_making,,"White Logic, White Methods: Racism and Methodology"
https://doi.org/10.1145/3592367.3592369,Decolonizing community-engaged research: Designing CER with cultural humility as a foundational value,critical_making,https://doi.org/10.1080/10572252.2013.730966,Participatory Localization: A Social Justice Approach to Navigating Unenfranchised/Disenfranchised Cultural Sites
https://doi.org/10.1145/3592367.3592369,Decolonizing community-engaged research: Designing CER with cultural humility as a foundational value,critical_making,https://doi.org/10.4324/9780429198748,Technical Communication after the Social Justice Turn
https://doi.org/10.1145/3592367.3592369,Decolonizing community-engaged research: Designing CER with cultural humility as a foundational value,critical_making,https://doi.org/10.1080/10572252.2015.975962,Values and Validity: Navigating Messiness in a Community-Based Research Project in Rwanda
https://doi.org/10.1145/3592367.3592369,Decolonizing community-engaged research: Designing CER with cultural humility as a foundational value,critical_making,https://doi.org/10.1145/3437000.3437002,Decolonizing decoloniality
https://doi.org/10.1145/3592367.3592369,Decolonizing community-engaged research: Designing CER with cultural humility as a foundational value,critical_making,https://doi.org/10.18584/iipj.2017.8.2.6,Laying the Groundwork: A Practical Guide for Ethical Research with Indigenous Communities
https://doi.org/10.1145/3592367.3592369,Decolonizing community-engaged research: Designing CER with cultural humility as a foundational value,critical_making,https://doi.org/10.1139/facets-2021-0067,Community participation in coastal and marine research and monitoring in Inuit Nunangat: a scoping literature review
https://doi.org/10.1145/3592367.3592369,Decolonizing community-engaged research: Designing CER with cultural humility as a foundational value,critical_making,https://doi.org/10.1353/clj.2019.0023,"Nutrition, Health, and Wellness at La Escuelita: A Community-Driven Effort Toward Food and Environmental Justice"
https://doi.org/10.1145/3592367.3592369,Decolonizing community-engaged research: Designing CER with cultural humility as a foundational value,critical_making,https://doi.org/10.25148/clj.17.1.010652,To Community with Care: Enacting Positive Barriers to Access as Good Relations
https://doi.org/10.1145/3592367.3592369,Decolonizing community-engaged research: Designing CER with cultural humility as a foundational value,critical_making,,Nuestros Cuentos: Fostering a Comunidad de Cuentistas Through Collaborative Storytelling With Latinx and Indigenous Youth
https://doi.org/10.1145/3592367.3592369,Decolonizing community-engaged research: Designing CER with cultural humility as a foundational value,critical_making,https://doi.org/10.1145/3531210.3531213,Embodied Participation
https://doi.org/10.1145/3592367.3592369,Decolonizing community-engaged research: Designing CER with cultural humility as a foundational value,critical_making,https://doi.org/10.25607/obp-1259,Negotiating Research Relationships with Inuit Communities: a Guide for Researchers.
https://doi.org/10.1145/3592367.3592369,Decolonizing community-engaged research: Designing CER with cultural humility as a foundational value,critical_making,https://doi.org/10.18584/iipj,International Indigenous Policy Journal
https://doi.org/10.1080/10572252.2021.1930180,Decolonial dinners: Ethical consideration of decolonial metaphors in TPC scholarship,critical_making,https://doi.org/10.1215/9780822392996,New Materialisms
https://doi.org/10.1080/10572252.2021.1930180,Decolonial dinners: Ethical consideration of decolonial metaphors in TPC scholarship,critical_making,https://doi.org/10.5860/choice.37-5198,Cyber-Marx: cycles and circuits of struggle in high-technology capitalism
https://doi.org/10.1080/10572252.2021.1930180,Decolonial dinners: Ethical consideration of decolonial metaphors in TPC scholarship,critical_making,https://doi.org/10.1177/1050651912439539,"Race, Rhetoric, and Technology"
https://doi.org/10.1080/10572252.2021.1930180,Decolonial dinners: Ethical consideration of decolonial metaphors in TPC scholarship,critical_making,,Technical Communication
https://doi.org/10.1080/10572252.2021.1930180,Decolonial dinners: Ethical consideration of decolonial metaphors in TPC scholarship,critical_making,https://doi.org/10.2190/tw.44.3.e,Decolonial Methodologies: Social Justice Perspectives in Intercultural Technical Communication Research
https://doi.org/10.1080/10572252.2021.1930180,Decolonial dinners: Ethical consideration of decolonial metaphors in TPC scholarship,critical_making,https://doi.org/10.1080/14649365.2014.908232,Urban foraging and the relational ecologies of belonging
https://doi.org/10.1080/10572252.2021.1930180,Decolonial dinners: Ethical consideration of decolonial metaphors in TPC scholarship,critical_making,,POSTCOLONIAL DIRECTIONS IN EDUCATION
https://doi.org/10.1080/10572252.2021.1930180,Decolonial dinners: Ethical consideration of decolonial metaphors in TPC scholarship,critical_making,https://doi.org/10.7330/9781607327585.c010,10 Using Narratives to Foster Critical Thinking about Diversity and Social Justice
https://doi.org/10.1080/10572252.2021.1930180,Decolonial dinners: Ethical consideration of decolonial metaphors in TPC scholarship,critical_making,https://doi.org/10.2190/tw.44.1.c,Wicked Problems in Technical Communication
https://doi.org/10.1080/10572252.2021.1930180,Decolonial dinners: Ethical consideration of decolonial metaphors in TPC scholarship,critical_making,https://doi.org/10.1016/j.compcom.2016.11.004,Seeing and Knowing the Womb: A Technofeminist Reframing of Fetal Ultrasound toward a Decolonization of Our Bodies
https://doi.org/10.1080/10572252.2021.1930180,Decolonial dinners: Ethical consideration of decolonial metaphors in TPC scholarship,critical_making,https://doi.org/10.1080/10572252.2016.1113025,"Food Fights: Cookbook Rhetorics, Monolithic Constructions of Womanhood, and Field Narratives in Technical Communication"
https://doi.org/10.1080/10572252.2021.1930180,Decolonial dinners: Ethical consideration of decolonial metaphors in TPC scholarship,critical_making,https://doi.org/10.1145/3437000.3437002,Decolonizing decoloniality
https://doi.org/10.1080/10572252.2021.1930180,Decolonial dinners: Ethical consideration of decolonial metaphors in TPC scholarship,critical_making,https://doi.org/10.1207/s15427625tcq0603_7,Toward a Feminist Historiography of Technical Communication
https://doi.org/10.1080/10572252.2021.1930180,Decolonial dinners: Ethical consideration of decolonial metaphors in TPC scholarship,critical_making,https://doi.org/10.4324/9781351203074-5,Factors to Actors
https://doi.org/10.1080/10572252.2021.1930180,Decolonial dinners: Ethical consideration of decolonial metaphors in TPC scholarship,critical_making,https://doi.org/10.1207/s15427625tcq0603_2,"Gender, Technology, and the History of Technical Communication"
https://doi.org/10.1080/10572252.2021.1930180,Decolonial dinners: Ethical consideration of decolonial metaphors in TPC scholarship,critical_making,,Narrative and professional communication
https://doi.org/10.1080/10572252.2021.1930180,Decolonial dinners: Ethical consideration of decolonial metaphors in TPC scholarship,critical_making,https://doi.org/10.1080/15505170.2011.572521,Rematriating Curriculum Studies
https://doi.org/10.1080/10572252.2021.1930180,Decolonial dinners: Ethical consideration of decolonial metaphors in TPC scholarship,critical_making,https://doi.org/10.1080/10572259909364675,Ethical intercultural technical communication: Looking through the lens of Confucian ethics
https://doi.org/10.1080/10572252.2021.1930180,Decolonial dinners: Ethical consideration of decolonial metaphors in TPC scholarship,critical_making,https://doi.org/10.25159/1947-9417/2965,"â€œDecolonise, Donâ€™t Diversifyâ€: Discounting Diversity in the South African Academe as a Tool for Ideological Pacification"
https://doi.org/10.1080/10572252.2021.1930180,Decolonial dinners: Ethical consideration of decolonial metaphors in TPC scholarship,critical_making,https://doi.org/10.7330/9780874219968.c003,Decolonial Skillshares: Indigenous Rhetorics as Radical Practice
https://doi.org/10.1080/10572252.2021.1930180,Decolonial dinners: Ethical consideration of decolonial metaphors in TPC scholarship,critical_making,https://doi.org/10.1080/10572259409364571,Making gender visible: Extending feminist critiques of technology to technical communication
https://doi.org/10.1080/10572252.2021.1930180,Decolonial dinners: Ethical consideration of decolonial metaphors in TPC scholarship,critical_making,https://doi.org/10.1177/097325861000400101,Utilizing a Positive Deviance Approach to Reduce Girls’ Trafficking in Indonesia
https://doi.org/10.1080/10572252.2021.1930180,Decolonial dinners: Ethical consideration of decolonial metaphors in TPC scholarship,critical_making,https://doi.org/10.1177/1050651902238544,Rhetorical Chemistry
https://doi.org/10.1080/10572252.2021.1930180,Decolonial dinners: Ethical consideration of decolonial metaphors in TPC scholarship,critical_making,https://doi.org/10.1080/10572252.2018.1399750,Medical Narratives in Rhetorical Context: Ethically Researching Anti-Vaccinationists
https://doi.org/10.1080/10572252.2021.1930180,Decolonial dinners: Ethical consideration of decolonial metaphors in TPC scholarship,critical_making,https://doi.org/10.7330/9781646421084.c002,IÑUPIAT IḶITQUSIAT
https://doi.org/10.1080/13511610.2023.2195583,Introducing the Critical Making Responsibility Framework for analyzing responsible innovation processes in grassroots practices,critical_making,https://doi.org/10.1016/j.respol.2013.05.008,Developing a framework for responsible innovation
https://doi.org/10.1080/13511610.2023.2195583,Introducing the Critical Making Responsibility Framework for analyzing responsible innovation processes in grassroots practices,critical_making,https://doi.org/10.5860/choice.38-1061,Small is beautiful: economics as if people mattered
https://doi.org/10.1080/13511610.2023.2195583,Introducing the Critical Making Responsibility Framework for analyzing responsible innovation processes in grassroots practices,critical_making,https://doi.org/10.5860/choice.43-2283,"Global assemblages: technology, politics, and ethics as anthropological problems"
https://doi.org/10.1080/13511610.2023.2195583,Introducing the Critical Making Responsibility Framework for analyzing responsible innovation processes in grassroots practices,critical_making,https://doi.org/10.5860/choice.34-0267,"Citizen science: a study of people, expertise and sustainable development"
https://doi.org/10.1080/13511610.2023.2195583,Introducing the Critical Making Responsibility Framework for analyzing responsible innovation processes in grassroots practices,critical_making,,Makers: The New Industrial Revolution
https://doi.org/10.1080/13511610.2023.2195583,Introducing the Critical Making Responsibility Framework for analyzing responsible innovation processes in grassroots practices,critical_making,https://doi.org/10.1038/35011576,Science's new social contract with society
https://doi.org/10.1080/13511610.2023.2195583,Introducing the Critical Making Responsibility Framework for analyzing responsible innovation processes in grassroots practices,critical_making,https://doi.org/10.1080/0143659042000185417,"Beyond the Third World: imperial globality, global coloniality and anti-globalisation social movements"
https://doi.org/10.1080/13511610.2023.2195583,Introducing the Critical Making Responsibility Framework for analyzing responsible innovation processes in grassroots practices,critical_making,https://doi.org/10.1177/0963662513518154,Why should we promote public engagement with science?
https://doi.org/10.1080/13511610.2023.2195583,Introducing the Critical Making Responsibility Framework for analyzing responsible innovation processes in grassroots practices,critical_making,https://doi.org/10.1145/2470654.2481360,Democratizing technology
https://doi.org/10.1080/13511610.2023.2195583,Introducing the Critical Making Responsibility Framework for analyzing responsible innovation processes in grassroots practices,critical_making,https://doi.org/10.1145/2858036.2858506,Reconstituting the Utopian Vision of Making
https://doi.org/10.1080/13511610.2023.2195583,Introducing the Critical Making Responsibility Framework for analyzing responsible innovation processes in grassroots practices,critical_making,https://doi.org/10.7551/mitpress/9568.001.0001,DIY Citizenship
https://doi.org/10.1080/13511610.2023.2195583,Introducing the Critical Making Responsibility Framework for analyzing responsible innovation processes in grassroots practices,critical_making,,Hacklabs and hackerspaces : Tracing two genealogies
https://doi.org/10.1080/13511610.2023.2195583,Introducing the Critical Making Responsibility Framework for analyzing responsible innovation processes in grassroots practices,critical_making,https://doi.org/10.1007/s10734-017-0211-4,(Re-)designing higher education curricula in times of systemic dysfunction: a responsible research and innovation perspective
https://doi.org/10.1080/13511610.2023.2195583,Introducing the Critical Making Responsibility Framework for analyzing responsible innovation processes in grassroots practices,critical_making,https://doi.org/10.1080/01972243.2014.875783,Institutions for Civic Technoscience: How Critical Making is Transforming Environmental Research
https://doi.org/10.1080/13511610.2023.2195583,Introducing the Critical Making Responsibility Framework for analyzing responsible innovation processes in grassroots practices,critical_making,https://doi.org/10.4324/9781315697888-9,Grassroots Innovation Movements
https://doi.org/10.1080/13511610.2023.2195583,Introducing the Critical Making Responsibility Framework for analyzing responsible innovation processes in grassroots practices,critical_making,https://doi.org/10.1177/0963662515620970,Experiments in engagement: Designing public engagement with science and technology for capacity building
https://doi.org/10.1080/13511610.2023.2195583,Introducing the Critical Making Responsibility Framework for analyzing responsible innovation processes in grassroots practices,critical_making,https://doi.org/10.3395/reciis.v1i2.909,"Alternative pathways in science and industry: activism, innovation, and the environment in an era of globalization; David J. Hess"
https://doi.org/10.1080/13511610.2023.2195583,Introducing the Critical Making Responsibility Framework for analyzing responsible innovation processes in grassroots practices,critical_making,https://doi.org/10.3920/jcns2015.x006,Foreword: responsible innovation in the private sector
https://doi.org/10.1080/13511610.2023.2195583,Introducing the Critical Making Responsibility Framework for analyzing responsible innovation processes in grassroots practices,critical_making,https://doi.org/10.1080/15710882.2017.1308518,Making and its promises
https://doi.org/10.1080/13511610.2023.2195583,Introducing the Critical Making Responsibility Framework for analyzing responsible innovation processes in grassroots practices,critical_making,https://doi.org/10.1017/dsj.2018.15,How participative is open source hardware? Insights from online repository mining
https://doi.org/10.1080/13511610.2023.2195583,Introducing the Critical Making Responsibility Framework for analyzing responsible innovation processes in grassroots practices,critical_making,https://doi.org/10.1177/0971721820902967,RRI Beyond Its Comfort Zone: Initiating a Dialogue with Frugal Innovation by ‘the Vulnerable’
https://doi.org/10.1080/13511610.2023.2195583,Introducing the Critical Making Responsibility Framework for analyzing responsible innovation processes in grassroots practices,critical_making,,Responsible research and innovation : from concepts to practices
https://doi.org/10.1080/13511610.2023.2195583,Introducing the Critical Making Responsibility Framework for analyzing responsible innovation processes in grassroots practices,critical_making,https://doi.org/10.1177/0971721820902964,Turning Straw to Gold: Mobilising Symmetry in Responsible Research and Innovation
https://doi.org/10.1080/13511610.2023.2195583,Introducing the Critical Making Responsibility Framework for analyzing responsible innovation processes in grassroots practices,critical_making,https://doi.org/10.3390/su132413559,How Open Is the Maker Movement? Integrative Literature Review of the Openness Practices in the Global Maker Movement
https://doi.org/10.1080/13511610.2023.2195583,Introducing the Critical Making Responsibility Framework for analyzing responsible innovation processes in grassroots practices,critical_making,https://doi.org/10.3390/fi5010021,Processes of Inclusion and Exclusion in the Sphere of Prosumerism
